Workbook

Sheet Sheet1
A1: St. name | B1: Class | C1: Age | D1: Gender | E1: Marks
A2: Kissiah Shaplin | B2: 7 | C2: 14 | D2: Female | E2: 480 | L2: St. name | M2: Class | N2: Age | O2: Gender | P2: Marks
A3: Amos Filintsev | B3: 8 | C3: 9 | D3: Male | E3: 408
A4: Lyndsay Gebb | B4: 8 | C4: 15 | D4: Female | E4: 304
A5: Erasmus Goodwyn | B5: 7 | C5: 12 | D5: Male | E5: 253
A6: Eleanora Simion | B6: 10 | C6: 12 | D6: Agender | E6: 386
A7: Lorenza Twidell | B7: 8 | C7: 16 | D7: Female | E7: 325
A8: Anabel Pfertner | B8: 9 | C8: 11 | D8: Female | E8: 309
A9: Hakim Mucillo | B9: 8 | C9: 16 | D9: Male | E9: 327
A10: Zorine Campa | B10: 8 | C10: 15 | D10: Female | E10: 284
A11: Janetta Evitt | B11: 6 | C11: 11 | D11: Female | E11: 389
A12: Annabelle Lympenie | B12: 9 | C12: 15 | D12: Female | E12: 493
A13: Kane Aylmore | B13: 6 | C13: 9 | D13: Male | E13: 473
A14: Lynsey Sieur | B14: 8 | C14: 15 | D14: Female | E14: 377
... A1001: Dyane Childerhouse | B1001: 9 | C1001: 11 | D1001: Female | E1001: 412

Sheet Sheet2
A1: St. name | B1: Class | C1: Age | D1: Gender | E1: Marks
A2: Kissiah Shaplin | B2: =VLOOKUP(A2,Sheet1!A2:E1001,2,FALSE) -> 7 | C2: =VLOOKUP(B2,Sheet1!B2:F1001,2,FALSE) -> 14 | D2: =VLOOKUP(C2,Sheet1!C2:G1001,2,FALSE) -> Female | E2: =VLOOKUP(D2,Sheet1!D2:H1001,2,FALSE) -> 480
A3: Amos Filintsev | B3: =VLOOKUP(A3,Sheet1!A3:E1002,2,FALSE) -> 8 | C3: =VLOOKUP(B3,Sheet1!B3:F1002,2,FALSE) -> 9 | D3: =VLOOKUP(C3,Sheet1!C3:G1002,2,FALSE) -> Male | E3: =VLOOKUP(D3,Sheet1!D3:H1002,2,FALSE) -> 408
A4: Lyndsay Gebb | B4: =VLOOKUP(A4,Sheet1!A4:E1003,2,FALSE) -> 8 | C4: =VLOOKUP(B4,Sheet1!B4:F1003,2,FALSE) -> 15 | D4: =VLOOKUP(C4,Sheet1!C4:G1003,2,FALSE) -> Female | E4: =VLOOKUP(D4,Sheet1!D4:H1003,2,FALSE) -> 304
A5: Erasmus Goodwyn | B5: =VLOOKUP(A5,Sheet1!A5:E1004,2,FALSE) -> 7 | C5: =VLOOKUP(B5,Sheet1!B5:F1004,2,FALSE) -> 12 | D5: =VLOOKUP(C5,Sheet1!C5:G1004,2,FALSE) -> Male | E5: =VLOOKUP(D5,Sheet1!D5:H1004,2,FALSE) -> 253
A6: Eleanora Simion | B6: =VLOOKUP(A6,Sheet1!A6:E1005,2,FALSE) -> 10 | C6: =VLOOKUP(B6,Sheet1!B6:F1005,2,FALSE) -> 12 | D6: =VLOOKUP(C6,Sheet1!C6:G1005,2,FALSE) -> Agender | E6: =VLOOKUP(D6,Sheet1!D6:H1005,2,FALSE) -> 386
A7: Lorenza Twidell | B7: =VLOOKUP(A7,Sheet1!A7:E1006,2,FALSE) -> 8 | C7: =VLOOKUP(B7,Sheet1!B7:F1006,2,FALSE) -> 16 | D7: =VLOOKUP(C7,Sheet1!C7:G1006,2,FALSE) -> Female | E7: =VLOOKUP(D7,Sheet1!D7:H1006,2,FALSE) -> 325
A8: Anabel Pfertner | B8: =VLOOKUP(A8,Sheet1!A8:E1007,2,FALSE) -> 9 | C8: =VLOOKUP(B8,Sheet1!B8:F1007,2,FALSE) -> 11 | D8: =VLOOKUP(C8,Sheet1!C8:G1007,2,FALSE) -> Female | E8: =VLOOKUP(D8,Sheet1!D8:H1007,2,FALSE) -> 309
A9: Hakim Mucillo | B9: =VLOOKUP(A9,Sheet1!A9:E1008,2,FALSE) -> 8 | C9: =VLOOKUP(B9,Sheet1!B9:F1008,2,FALSE) -> 16 | D9: =VLOOKUP(C9,Sheet1!C9:G1008,2,FALSE) -> Male | E9: =VLOOKUP(D9,Sheet1!D9:H1008,2,FALSE) -> 327
A10: Zorine Campa | B10: =VLOOKUP(A10,Sheet1!A10:E1009,2,FALSE) -> 8 | C10: =VLOOKUP(B10,Sheet1!B10:F1009,2,FALSE) -> 15 | D10: =VLOOKUP(C10,Sheet1!C10:G1009,2,FALSE) -> Female | E10: =VLOOKUP(D10,Sheet1!D10:H1009,2,FALSE) -> 284
A11: Janetta Evitt | B11: =VLOOKUP(A11,Sheet1!A11:E1010,2,FALSE) -> 6 | C11: =VLOOKUP(B11,Sheet1!B11:F1010,2,FALSE) -> 11 | D11: =VLOOKUP(C11,Sheet1!C11:G1010,2,FALSE) -> Female | E11: =VLOOKUP(D11,Sheet1!D11:H1010,2,FALSE) -> 389
A12: Annabelle Lympenie | B12: =VLOOKUP(A12,Sheet1!A12:E1011,2,FALSE) -> 9 | C12: =VLOOKUP(B12,Sheet1!B12:F1011,2,FALSE) -> 15 | D12: =VLOOKUP(C12,Sheet1!C12:G1011,2,FALSE) -> Female | E12: =VLOOKUP(D12,Sheet1!D12:H1011,2,FALSE) -> 493
A13: Kane Aylmore | B13: =VLOOKUP(A13,Sheet1!A13:E1012,2,FALSE) -> 6 | C13: =VLOOKUP(B13,Sheet1!B13:F1012,2,FALSE) -> 9 | D13: =VLOOKUP(C13,Sheet1!C13:G1012,2,FALSE) -> Male | E13: =VLOOKUP(D13,Sheet1!D13:H1012,2,FALSE) -> 473
... A1001: Dyane Childerhouse | B1001: =VLOOKUP(A1001,Sheet1!A1001:E2000,2,FALSE) -> 9 | C1001: =VLOOKUP(B1001,Sheet1!B1001:F2000,2,FALSE) -> 11 | D1001: =VLOOKUP(C1001,Sheet1!C1001:G2000,2,FALSE) -> Female | E1001: =VLOOKUP(D1001,Sheet1!D1001:H2000,2,FALSE) -> 412
